SMSPopup-v0.9.6,2009-02-11,
SMSPopup-v0.9.7,2009-02-14,3
SMSPopup-v0.9.8,2009-02-14,0
SMSPopup-v0.9.9,2009-02-22,8
SMSPopup-v0.9.91,2009-03-11,17
SMSPopup-v0.9.92,2009-04-02,22
SMSPopup-v0.9.93,2009-04-09,7
SMSPopup-v0.9.94,2009-05-09,30
SMSPopup-v0.9.95,2009-05-09,0
SMSPopup-v0.9.96,2009-05-11,2
SMSPopup-v0.9.97,2009-10-27,169
SMSPopup-v1.0.0,2009-10-29,2
SMSPopup-v1.0.1,2009-11-06,8
SMSPopup-v1.0.2,2009-11-11,5
SMSPopup-v1.0.3,2009-11-13,2
SMSPopup-v1.0.4,2009-11-13,0
SMSPopup-v1.0.5,2009-11-20,7
SMSPopup-v1.0.6,2009-12-10,20
SMSPopup-v1.0.7,2010-01-25,46
SMSPopup-v1.0.8,2010-02-23,29
SMSPopup-v1.0.9,2010-11-24,274
SMSPopup-v1.1.0,2010-12-18,24
SMSPopup-v1.2.0-(118),2012-04-14,483
SMSPopup-v1.2.0-(119),2012-04-14,0
SMSPopup-v1.2.0-(120),2012-04-19,5
SMSPopup-v1.2.1-(121),2012-04-21,2
SMSPopup-v1.2.2-(122),2012-05-05,14
"SMSPopup-v1.2.3-(123), SMSPopup-v1.2.4-(124)",2012-05-05,0
Latest,2015-04-13,1073